date,book,abs_lots,va_cbbl_TOTAL,va_usd_TOTAL,va_cbbl_transfer_pred,va_usd_transfer_pred,va_cbbl_pca,va_usd_pca,va_cbbl_routing,va_usd_routing
2026-09-17,Hedger Spreads,68517.0,-0.132861815315907,91032.93,-0.0,0.0,-0.13158546054263906,90158.41,-0.001276354773267948,874.52
2026-09-17,Spreadgr Alt 1,0.0,,0.0,,0.0,,0.0,,0.0
2026-09-17,Spreadgr Alt 3,0.0,,0.0,,0.0,,0.0,,0.0
2026-09-17,Spreadgr Alt 4,0.0,,0.0,,0.0,,0.0,,0.0
2026-09-17,Spreadgr Base 2,69100.0,-0.11037279305354557,76267.59999999999,-0.0,0.0,-0.1087697973950796,75159.93000000001,-0.0016029956584659914,1107.67
2026-09-17,TEAM,137617.0,-0.12156966799159985,167300.52999999997,-0.0,0.0,-0.12012930088579174,165318.34000000003,-0.0014403671058081488,1982.19
2026-09-18,Hedger Spreads,23179.0,-0.02774688295439838,6431.450000000001,-0.0,0.0,-0.027819534923853487,6448.289999999999,7.265196945511024e-05,-16.840000000000003
2026-09-18,Spreadgr Alt 1,0.0,,0.0,,0.0,,0.0,,0.0
2026-09-18,Spreadgr Alt 3,0.0,,0.0,,0.0,,0.0,,0.0
2026-09-18,Spreadgr Alt 4,0.0,,0.0,,0.0,,0.0,,0.0
2026-09-18,Spreadgr Base 2,21081.0,-0.015551966225511131,3278.510000000001,-0.0,0.0,-0.012716332242303494,2680.7299999999996,-0.0028356339832076283,597.7800000000001
2026-09-18,TEAM,44260.0,-0.021938454586534123,9709.960000000003,-0.0,0.0,-0.020625892453682782,9129.019999999999,-0.0013125621328513332,580.94
2026-09-21,Hedger Spreads,40422.0,-0.032916901687200045,13305.670000000002,-0.0,0.0,-0.03130965810697144,12655.989999999998,-0.0016072435802285882,649.68
2026-09-21,Spreadgr Alt 1,0.0,,0.0,,0.0,,0.0,,0.0
2026-09-21,Spreadgr Alt 3,0.0,,0.0,,0.0,,0.0,,0.0
2026-09-21,Spreadgr Alt 4,0.0,,0.0,,0.0,,0.0,,0.0
2026-09-21,Spreadgr Base 2,48577.0,-0.027830166539720445,13519.060000000001,-0.0,0.0,-0.026729707474730843,12984.490000000002,-0.0011004590649896042,534.57
2026-09-21,TEAM,88999.0,-0.03014048472454747,26824.730000000003,-0.0,0.0,-0.028809851796087593,25640.48,-0.0013306329284598704,1184.25
2026-09-22,Hedger Spreads,28697.0,-0.09849154963933514,28264.120000000003,-0.0,0.0,-0.09379074467714395,26915.129999999997,-0.004700804962191169,1348.9899999999998
2026-09-22,Spreadgr Alt 1,0.0,,0.0,,0.0,,0.0,,0.0
2026-09-22,Spreadgr Alt 3,0.0,,0.0,,0.0,,0.0,,0.0
2026-09-22,Spreadgr Alt 4,0.0,,0.0,,0.0,,0.0,,0.0
2026-09-22,Spreadgr Base 2,33616.0,-0.08730675868633984,29349.04,-0.0,0.0,-0.0834905997144217,28066.2,-0.003816158971918134,1282.84
2026-09-22,TEAM,62313.0,-0.09245768940670487,57613.16,-0.0,0.0,-0.08823412450050551,54981.33,-0.004223564906199348,2631.83
2026-09-23,Hedger Spreads,21765.0,-0.030658350562830238,6672.790000000001,-0.0,0.0,-0.032089317711922805,6984.239999999999,0.0014309671490925794,-311.44999999999993
2026-09-23,Spreadgr Alt 1,0.0,,0.0,,0.0,,0.0,,0.0
2026-09-23,Spreadgr Alt 3,0.0,,0.0,,0.0,,0.0,,0.0
2026-09-23,Spreadgr Alt 4,0.0,,0.0,,0.0,,0.0,,0.0
2026-09-23,Spreadgr Base 2,21327.0,-0.02941979650208655,6274.359999999999,-0.0,0.0,-0.03223242837717447,6874.21,0.0028126318750879165,-599.8499999999999
2026-09-23,TEAM,43092.0,-0.030045368049754016,12947.15,-0.0,0.0,-0.032160145734707137,13858.449999999999,0.0021147776849531233,-911.2999999999998
2026-09-24,Hedger Spreads,160487.0,-0.10358607239215638,166242.18,-0.0,0.0,-0.017751855290459664,28489.42,-0.08583421710169672,137752.76
2026-09-24,Spreadgr Alt 1,0.0,,0.0,,0.0,,0.0,,0.0
2026-09-24,Spreadgr Alt 3,0.0,,0.0,,0.0,,0.0,,0.0
2026-09-24,Spreadgr Alt 4,0.0,,0.0,,0.0,,0.0,,0.0
2026-09-24,Spreadgr Base 2,145510.0,-0.09873867088172633,143674.63999999998,-0.0,0.0,-0.01563525530891348,22750.86,-0.08310341557281288,120923.78000000001
2026-09-24,TEAM,305997.0,-0.10128099948692305,309916.81999999995,-0.0,0.0,-0.016745353712618097,51240.28,-0.08453564577430499,258676.54000000004
2026-09-25,Hedger Spreads,163125.0,-0.051992208429118766,84812.29,-0.0,0.0,-0.008395488122605365,13695.140000000001,-0.0435967203065134,71117.15
2026-09-25,Spreadgr Alt 1,0.0,,0.0,,0.0,,0.0,,0.0
2026-09-25,Spreadgr Alt 3,0.0,,0.0,,0.0,,0.0,,0.0
2026-09-25,Spreadgr Alt 4,0.0,,0.0,,0.0,,0.0,,0.0
2026-09-25,Spreadgr Base 2,152719.0,-0.038415318329742855,58667.48999999999,-0.0,0.0,-0.009958479298581055,15208.490000000002,-0.028456839031161807,43459.0
2026-09-25,TEAM,315844.0,-0.045427419865503214,143479.77999999997,-0.0,0.0,-0.009151236053241476,28903.630000000005,-0.03627618381226175,114576.15
2026-09-28,Hedger Spreads,100196.0,-0.00977236616232185,9791.52,-0.0,0.0,-0.009359784821749373,9378.130000000001,-0.0004125813405724778,413.3899999999999
2026-09-28,Spreadgr Alt 1,0.0,,0.0,,0.0,,0.0,,0.0
2026-09-28,Spreadgr Alt 3,0.0,,0.0,,0.0,,0.0,,0.0
2026-09-28,Spreadgr Alt 4,0.0,,0.0,,0.0,,0.0,,0.0
2026-09-28,Spreadgr Base 2,99743.0,-0.007637127417462879,7617.5,-0.0,0.0,-0.007746087444732962,7726.1799999999985,0.00010896002727008413,-108.68
2026-09-28,TEAM,199939.0,-0.008707165685534087,17409.02,-0.0,0.0,-0.00855476420308194,17104.309999999998,-0.00015240148245214782,304.70999999999987
2026-09-29,Hedger Spreads,41787.0,-0.0024594251800799266,1027.719999999999,-0.0,0.0,-0.0021217364252040113,886.6100000000001,-0.0003376887548759184,141.11
2026-09-29,Spreadgr Alt 1,0.0,,0.0,,0.0,,0.0,,0.0
2026-09-29,Spreadgr Alt 3,0.0,,0.0,,0.0,,0.0,,0.0
2026-09-29,Spreadgr Alt 4,0.0,,0.0,,0.0,,0.0,,0.0
2026-09-29,Spreadgr Base 2,42358.0,-0.0033282024647056075,1409.7600000000011,-0.0,0.0,-0.0038496387931441526,1630.63,0.0005214363284385476,-220.87
2026-09-29,TEAM,84145.0,-0.0028967615425753166,2437.48,-0.0,0.0,-0.002991550300077248,2517.2400000000002,9.478875750193118e-05,-79.75999999999999
