cycle_id,transfer_vs_mark,transfer_pred_mr,pca_mr,routing_mr,unexecuted_mr,executed_mr,mark_to_exec,total
e61b65dc-d67c-4b85-9076-5ec383a55a67,0.14,0.0,-172.2,-0.94,8.71,-178.95,142.59,-200.65
52e4df80-44da-4b3f-ac9e-201104366b48,-120.75,0.0,2038.99,151.42,-7.74,-196.38,57.51,1923.05
76b11f0d-d245-4875-853d-655653522efb,0.01,0.0,817.99,0.07,0.0,405.41,223.33,1446.81
15de9f1f-f7fe-487d-a21c-0580187ebc3d,0.02,0.0,-269.69,-6.11,0.0,-88.0,26.0,-337.78000000000003
c7f68155-6c28-4825-a6b0-d3bdf6aa65ea,-0.0,0.0,444.95,1.94,0.0,0.0,0.0,446.89
2e83bd99-3010-43e9-a7e8-b015e1a5688f,0.01,0.0,437.92,18.51,0.0,0.0,0.0,456.44
2b911016-aa1f-4e3b-b3fd-81f97d927127,-0.01,0.0,-282.6,-0.06,-76.93,0.0,0.0,-359.6
89e18308-d276-487f-a572-235220977d67,0.01,0.0,1040.23,0.02,0.0,-31.97,51.38,1059.67
9b596ef3-3fb9-4213-b719-63faea8111da,-0.66,0.0,-136.17,0.46,-6.21,0.0,0.0,-142.57999999999998
8f28f166-229b-4995-9206-5003879db6ce,0.01,0.0,358.04,-3.8,0.0,-116.56,46.81,284.5
49f50b74-5620-483b-a38b-2d1492c5e3ee,-0.0,0.0,-102.58,-3.36,-9.33,-94.5,4.5,-205.26999999999998
bb68a20c-d027-4ec7-8904-8b9981c941a4,7.47,0.0,0.0,0.0,0.0,0.0,0.0,7.47
6ed1b576-7670-41ef-bd42-3ff3c2d2f8e9,-0.02,0.0,-393.46,2.67,-10.43,-32.93,13.33,-420.84
401cabe4-3c04-4944-b93f-bb1ad8988836,-57.21,0.0,171.13,4.66,17.01,-1150.32,14.38,-1000.35
fa01cc84-c2b0-4baa-b1f8-cb46a9a397d4,0.16,0.0,-863.11,-38.22,2.66,-1215.75,305.74,-1808.5200000000002
5ce510f0-355c-4a6c-9725-b8437459262e,12.76,0.0,391.96,-0.26,0.0,0.0,0.0,404.46
a22a8027-ef93-48a4-89ae-0b08599ea8da,0.0,0.0,-428.03,0.24,0.0,0.0,0.0,-427.78999999999996
22f68b5c-c623-4bc3-bfab-c6d8aacbb215,0.0,0.0,-368.33,0.54,0.0,0.0,0.0,-367.78999999999996
44a859ed-878c-4d8b-a737-7b922373c2ce,-0.0,0.0,64.44,-1.79,0.0,0.0,0.0,62.65
24a4692b-a7ad-4126-93e5-e0871b26bfc1,1.53,0.0,-40.98,-20.15,0.0,-152.53,20.71,-191.42
ae344c76-4906-4205-a63c-033e274d0ffa,0.01,0.0,247.91,14.76,0.0,0.0,0.0,262.68
40ed8629-bbf4-4d98-a1b2-beca0b965e7f,0.0,0.0,-92.72,0.09,0.0,0.0,0.0,-92.63
1c60815a-bf9e-432e-96f1-0fd41db9130a,-0.04,0.0,-56.27,7.01,-1.1,-78.17,24.64,-103.92999999999999
4b0ec5b2-ceaf-48b7-bd63-e2f1e7fdaffa,0.01,0.0,35.52,5.22,16.52,-79.18,93.16,71.24999999999999
11891ced-7df8-4107-b42c-1d9aa72829a3,41.94,0.0,19.55,3.22,2.52,0.0,0.0,67.22999999999999
0168b15a-a6d4-41f1-b36d-b3b054e43cf5,0.05,0.0,-8.93,0.01,0.0,0.0,0.0,-8.87
e0cb7e42-03ff-4c14-a795-34648159408c,0.0,0.0,102.23,18.68,0.0,-117.29,-2.21,1.4099999999999904
86bc63e9-8862-48ff-a79e-b8c367908359,0.03,0.0,-70.25,-0.37,0.0,0.0,0.0,-70.59
e8d2f55f-613f-4b76-8147-9f850cd251e0,41.95,0.0,50.97,-4.64,0.0,0.0,0.0,88.28
fe2dc492-92aa-4eab-90e6-e360ed3f28bf,-0.07,0.0,-202.94,-0.57,-62.06,86.2,112.11,-67.33
347aef60-9d43-4404-a260-3944876de84f,0.01,0.0,271.63,-0.08,100.56,144.76,84.54,601.42
604b2711-0e23-4789-988c-99ba7b4b62f3,0.87,0.0,-77.11,34.89,7.87,-80.15,74.43,-39.19999999999999
106d0db6-1d3f-4954-b3a1-a6eba247eb56,0.05,0.0,162.58,12.09,37.63,20.42,68.57,301.34000000000003
f0808294-516c-483b-a269-80354c918b6b,13.86,0.0,96.66,-4.24,0.0,29.75,130.17,266.2
0b9dd210-2f2c-4dae-99a3-b6aede51436d,0.0,0.0,126.83,1.32,-226.6,0.0,0.0,-98.44999999999999
75fbbf89-ec6f-4678-b84e-0c3f1d932e98,0.05,0.0,75.24,1.56,14.0,0.0,0.0,90.85
c8ea5b38-e9b9-4d55-86d3-fbcbd01dc808,0.0,0.0,-580.55,-0.24,-84.26,0.0,0.0,-665.05
8e9d3883-de11-42f9-ae92-5b4ada52d961,-0.28,0.0,577.8,0.03,0.0,-90.0,30.0,517.55
14788354-2c39-4596-9b4b-5acc31e1e7b9,-0.02,0.0,-1808.2,0.05,0.0,-80.0,10.0,-1878.17
f68df310-461d-44da-ae40-7af47a4490b8,0.0,0.0,677.07,-4.54,0.0,0.0,0.0,672.5300000000001
5daf9342-89d5-4b15-981c-4492c3b6a3fb,0.05,0.0,-570.15,3.85,0.0,0.0,0.0,-566.25
304c7e65-ba77-4908-b91a-ba652ae3678f,-0.0,0.0,394.17,6.69,0.0,47.56,-10.6,437.82
0216151b-cd0f-4ede-a302-6c09b780d4d1,-0.06,0.0,0.0,0.0,0.0,0.0,0.0,-0.06
1c3f4968-518e-4402-9d21-876f0f539a84,162.35,0.0,0.0,0.0,0.0,0.0,-38.57,123.78
0008993a-c275-4a07-8610-313810d574dc,-0.01,0.0,-1562.19,-9.87,-850.03,-696.15,218.7,-2899.55
0fed298a-6305-4c80-a306-9f177f5e6359,75.38,0.0,175.0,-14.68,239.26,704.94,374.91,1554.8100000000002
7b81cf8a-586b-4e83-9656-fbc97c00fc9e,0.1,0.0,-2.8,16.55,117.32,131.17,96.7,359.03999999999996
53b76238-7363-4594-acd5-468603d236f1,0.0,0.0,464.54,0.77,-974.05,87.96,190.1,-230.67999999999998
fc2ef162-36a3-4e7a-ac49-ae74b7495a72,-0.0,0.0,-176.14,-5.97,-29.56,0.0,0.0,-211.67
c8bc0c19-ef47-405c-90e1-756610efe41c,0.01,0.0,-283.34,11.95,0.0,0.0,0.0,-271.38
0a53db3b-9ff6-4794-b6c9-e54826184beb,0.01,0.0,-35.66,0.01,0.0,0.0,0.0,-35.64
435408ee-7be1-4335-8aff-28a558a92250,-0.05,0.0,-158.41,-18.03,0.0,0.0,0.0,-176.49
b06043f2-953b-4724-9f43-f56c6d3ff721,0.05,0.0,-188.24,-17.8,-369.39,-40.01,10.0,-605.39
bd51bdec-7d96-49e2-9ed7-ed7282c3b08c,-0.01,0.0,553.2,-9.33,3.23,7.09,173.09,727.2700000000001
b90c457e-ab11-43e8-ae06-b208741cda5b,-0.0,0.0,204.17,-0.61,0.0,-34.23,24.39,193.71999999999997
7b571052-f1cf-42a4-ae04-04826a5c1c57,0.02,0.0,-374.03,-3.69,-84.85,0.0,0.0,-462.54999999999995
fdf347c5-8349-4810-b3d2-b10f91772368,-0.0,0.0,30.63,1.85,-160.4,0.0,0.0,-127.92000000000002
15bd5ce6-3a30-47e7-a3f9-defc280b40d7,-12.98,0.0,8.25,1.52,159.64,0.0,0.0,156.42999999999998
a76a78ad-b992-4aaf-a634-5b7d435fe23f,0.0,0.0,11.07,0.22,-258.62,0.0,0.0,-247.33
b4776fa8-5574-43b9-8e14-e38d5cd65b48,0.01,0.0,-377.63,-2.81,-717.55,7.42,-7.41,-1097.97
a9f476a2-24c5-493b-98a8-acccf3d89e3a,0.01,0.0,-166.09,-2.63,109.69,-184.29,312.17,68.86000000000001
bb45feb3-e3b0-418b-9439-708d5d802235,0.01,0.0,60.04,20.21,13.24,45.73,114.77,254.0
2ed80451-4278-49d9-a33c-0e247c96910f,0.07,0.0,-34.14,-1.75,0.44,-38.32,198.67,124.96999999999998
d1541f4b-0c5c-4f5d-b307-d410e17e87f3,-0.0,0.0,225.91,-1.63,0.0,0.0,0.0,224.28
a5426b42-b9ff-4ce6-ba46-7381bccf50f2,0.03,0.0,-70.46,1.01,0.0,-120.02,0.0,-189.44
c26372b3-b414-42ed-91c4-0f77258d0eba,-0.0,0.0,-49.72,11.94,0.0,0.32,-0.01,-37.47
99a7335a-153d-4f7c-9062-78a1b8d47bfc,-0.0,0.0,108.37,-2.21,0.0,4.62,-4.62,106.16000000000001
8b46a642-5ccc-4608-aaff-e0478e4aaf53,-12.77,0.0,163.99,-1.43,0.0,-5.1,14.38,159.07
2fb43e76-4685-4316-9bc7-d0fd9908e33e,0.01,0.0,-8.62,0.85,2.1,0.0,0.0,-5.66
481340a5-9fdc-4319-ba3c-cbca9dc80f58,0.0,0.0,215.12,3.21,0.0,0.0,0.0,218.33
0ada52b9-411d-46fb-8543-6c481f863fb8,-0.01,0.0,-71.56,0.5,0.0,0.0,0.0,-71.07000000000001
202bcc7d-3c22-4743-81c8-79e28d124607,0.0,0.0,-224.21,0.8,0.0,0.0,0.0,-223.41
a4bf5e03-10d6-40df-b263-539eeab2f721,-0.0,0.0,-83.72,-0.43,0.0,0.0,0.0,-84.15
2605cd74-db91-42da-b61e-7cb90fe2fe2e,0.02,0.0,-269.5,0.35,-57.72,0.0,0.0,-326.85
133ee9ad-62ad-4234-bc1b-cc37b70ff719,-0.0,0.0,-249.81,-0.28,0.0,-14.24,11.38,-252.95
79574030-bb34-4554-84be-2c610ae1dce5,-0.03,0.0,830.56,9.34,0.0,0.0,160.03,999.9
81db6edc-e16d-434d-88b8-eb7f627f02c5,0.07,0.0,-384.77,-2.51,-499.41,-73.44,23.43,-936.63
2cd3a29c-07ce-428f-9b8f-fbde913995ce,0.07,0.0,44.06,2.2,23.41,0.0,0.0,69.74000000000001
bc1e4ccc-c8dd-4273-add4-4bbd8747853d,-0.01,0.0,-1304.97,1.1,0.0,-1451.1,226.67,-2528.31
9c585f5d-bcf4-41e5-8508-d8af1092f6f2,0.01,0.0,-87.76,0.07,0.0,0.0,46.57,-41.11000000000001
033ffe3e-1255-4504-83c0-eae982f00905,0.13,0.0,-270.62,3.74,-117.05,-923.14,378.94,-928.0
c2b16770-e238-4b69-a91c-d333e5b2e83a,0.01,0.0,237.45,-2.01,0.0,10.83,16.47,262.75
0768bead-23d1-4577-a71c-a091a9234596,-0.01,0.0,-223.83,-0.35,0.0,0.0,0.0,-224.19
26eb7641-0bd0-4dae-b49e-f3f788a91446,0.05,0.0,381.96,-10.13,0.0,28.35,26.86,427.09000000000003
7118c7e7-c42f-49fa-9337-5316a770ff20,0.01,0.0,-407.23,-0.19,0.0,0.0,0.0,-407.41
4adffc92-e6a9-406b-bdd4-fd0b9d1f54b1,-0.07,0.0,381.3,-5.98,0.0,-33.69,36.4,377.96
6712271e-0fe0-49dc-8933-075dc96eec96,9.78,0.0,135.74,8.83,-19.87,-140.24,-33.22,-38.97999999999999
e0c95ae0-7d66-4440-bcb9-2a5b68bfbeb0,0.06,0.0,-117.79,0.3,0.0,-102.41,105.63,-114.21000000000001
be303898-3c34-4e08-b76a-f00708492bd7,-0.01,0.0,-27.55,0.0,0.0,0.0,0.0,-27.560000000000002
ea7411d3-e630-4cfe-98e3-f2a6151857be,-0.0,0.0,-16.69,0.0,102.23,28.38,282.46,396.38
b119c70a-f7c6-4bf1-a6d4-d89c960374d5,0.0,0.0,80.59,8.69,0.0,25.25,240.72,355.25
5976751b-c025-432a-ae02-c33f615d0acc,0.02,0.0,791.24,0.32,0.0,-197.03,104.44,698.99
5561f1ea-8846-4067-a84a-82e0570d5e2a,-30.41,0.0,-24.14,3.63,-26.0,-125.67,-18.89,-221.47999999999996
cedb5d37-2c67-4660-b54e-c9b833e122f0,-3.23,0.0,143.39,0.0,0.0,0.0,0.0,140.16
ecf2047d-ff34-4dd5-87ef-acbc3896e473,-0.01,0.0,148.77,5.0,0.0,30.17,123.58,307.51
613ba6b0-47cb-48bf-b7dd-27212ef58419,-0.01,0.0,-80.66,0.0,0.0,0.0,0.0,-80.67
050cdb6e-a54d-4f02-83e5-ff6297073390,-0.01,0.0,22.63,3.75,0.0,-31.37,90.48,85.48
adcebcf5-6e26-4eee-bd03-7a265ed76fd4,2.35,0.0,-24.12,4.52,0.0,1.65,27.88,12.28
27411cba-6ac4-4401-9345-c9cb529b1557,-0.01,0.0,72.22,1.62,0.0,12.11,48.85,134.79
05ed53d2-69d5-4a23-ba2a-b35e7e1365bb,-0.02,0.0,76.02,0.15,0.0,0.0,0.0,76.15
1394e209-6f7b-42b7-a8dd-62ddd86ba08f,17.1,0.0,-17.14,-4.33,0.0,0.0,0.0,-4.369999999999999
45b07451-83c8-4aa9-aea4-7d86561e0f8e,-0.0,0.0,1.91,0.0,0.0,0.0,0.0,1.91
810dd61d-f30b-4a20-bd42-a56cacc0ddd1,0.34,0.0,27.04,0.09,0.0,0.0,0.0,27.47
a27bc907-55e5-4a8f-ad8e-a6434c004c4d,0.21,0.0,-102.37,-0.07,-20.28,-270.09,178.44,-214.15999999999997
87952784-7758-4e59-887c-e6d8d20c2ca7,-0.02,0.0,-162.65,-0.68,-224.31,-3597.35,90.91,-3894.1
0cd9747f-26d3-40a1-bc05-66d776e844f1,0.01,0.0,174.95,-4.07,0.0,5.68,21.93,198.5
12a90070-9367-421b-8b43-b56d32f55917,-0.1,0.0,120.08,-0.83,-9.41,0.0,0.0,109.74000000000001
460f5034-8d20-4965-8d31-82489efa4379,-0.01,0.0,91.06,15.72,-0.24,-320.69,165.15,-49.00999999999999
eb509f2f-57e7-4360-8ebe-c2cebaeee342,-36.62,0.0,-197.34,5.9,0.0,0.0,0.0,-228.06
6727b499-81f0-4306-bf3f-610965a8f248,1.74,0.0,327.92,-0.67,0.0,0.0,0.0,328.99
40f7c091-19b4-4b0d-92ab-a7eb30cfd5e0,0.0,0.0,-43.91,0.82,0.0,0.0,0.0,-43.089999999999996
054ca9a4-069e-48a1-b838-d0837c4f66d0,1.31,0.0,88.36,0.93,19.82,0.0,0.0,110.42000000000002
713cdc06-b0a6-430b-a69a-f19859aaff66,0.0,0.0,-216.47,-8.38,-2402.72,-524.9,9.91,-3142.56
e8e666ae-5a67-4ae9-9c20-ffb977dc0466,0.04,0.0,-236.84,-7.29,-606.74,38.65,-19.48,-831.6600000000001
51af2112-7efe-48b0-80c0-23535607d50d,-0.0,0.0,308.05,-3.25,0.86,-40.77,354.88,619.77
28822bdd-b7d4-4199-aef0-f0bab15b67c0,-0.0,0.0,-85.94,4.8,0.25,0.0,0.0,-80.89
4a95fbec-3edc-4c1e-89bf-7cdef74d340b,0.0,0.0,25.32,3.73,0.0,1.15,16.76,46.96
981a47e6-ed7f-4aa8-b1fe-779d91cf6b32,0.0,0.0,6.73,5.0,1.0,0.0,0.0,12.73
93a0c1bc-6d39-4e4d-8dee-33adf724899c,0.0,0.0,5.8,10.1,0.0,6.08,11.25,33.23
2ac50772-efe4-4519-9ddc-e349bbfca7a0,2.8,0.0,0.0,0.0,0.0,0.0,0.0,2.8
06926333-5a2a-4d6c-b38e-16bb08a9d1f1,-0.01,0.0,-8.42,0.09,0.0,0.0,0.0,-8.34
d4d0e81e-e481-4eeb-894f-f6abc23532d9,0.0,0.0,31.49,-0.01,0.0,0.0,0.0,31.479999999999997
8e729663-c49b-44c6-8bb6-98ae8e1e5ae2,-12.35,0.0,-5.36,0.13,0.0,0.0,0.0,-17.580000000000002
d25987c6-ba62-49ca-bb4e-a436bf436c9a,-0.0,0.0,19.79,1.45,0.0,0.0,0.0,21.24
3d1de576-9d1e-4e49-bea6-5368408333d1,0.0,0.0,72.51,3.24,0.0,0.0,0.0,75.75
657ed98a-480e-4c64-8551-261c221249a0,0.13,0.0,20.44,-1.85,52.76,0.0,0.0,71.47999999999999
52a390ed-82c6-456d-9824-8b9738983dfe,0.0,0.0,196.43,30.3,0.0,40.53,194.61,461.87
1f2911d7-aba1-4719-82d4-7dbe5478956b,0.0,0.0,174.28,-5.16,-18.88,69.4,88.1,307.74
79c6ecce-c7d2-44b7-a97e-1f9a2a6add48,3.62,0.0,411.89,11.84,232.63,0.0,0.0,659.98
f39bf841-73e9-4924-a783-ed804ded87a5,-5.21,0.0,-351.54,24.07,-271.91,-212.99,84.84,-732.74
b22445cd-a8dc-4178-b2d5-9d32bfbb8ac8,-0.01,0.0,-224.64,1.64,-247.82,-11.66,5.46,-477.03000000000003
45951934-c70f-4d03-ab5b-7c80da251ab4,-0.0,0.0,-104.18,-6.31,118.34,0.0,0.0,7.849999999999994
ef348d3c-ced3-4d74-a554-7d4b68b0e733,-0.0,0.0,2.04,-0.59,104.36,-5.21,-28.94,71.66000000000001
acf8fbd3-5a9d-4cb7-88fa-6a8eabd3a6e4,0.02,0.0,153.22,-3.94,373.1,74.53,138.79,735.72
064e12fb-2599-4d39-9f71-e7374495c7d0,-0.04,0.0,51.46,-7.21,2.13,0.57,-11.43,35.480000000000004
f3ee774b-6a14-4461-91ed-825f5a5cd24b,-0.02,0.0,-94.4,6.01,30.74,-120.11,52.0,-125.78
6ed33815-a2da-47e7-a10c-49a0b3c2e799,0.0,0.0,18.48,-8.28,-19.15,11.04,47.89,49.980000000000004
c614ebee-7963-469e-9656-caed6b525486,0.0,0.0,72.34,1.01,-85.62,0.33,20.2,8.260000000000003
8786cd5d-2fe9-464b-a11e-95781ec1d81c,-0.01,0.0,227.64,1.02,89.72,-2.25,1.14,317.26
7dbf0c1b-04b0-47db-bccd-706e68799c56,0.05,0.0,-17.49,-0.24,-356.43,-35.35,16.91,-392.55
39b29c38-708b-4c59-b2b2-0c1fef28cefb,0.01,0.0,-239.88,-5.95,13.22,28.05,104.94,-99.60999999999999
7db8e96e-edb7-4f19-afd0-58a15c49d351,-0.48,0.0,3533.19,4.2,-96.01,16.09,-17.14,3439.85
83ef70a4-09e5-4dc4-b8c0-fbcf89030cf0,0.65,0.0,1123.67,6.33,26.51,-49.24,29.11,1137.03
c3cd5bdc-47fc-4fe3-a4b9-da0d2e2afc70,0.01,0.0,-714.96,3.84,-0.39,95.33,-7.74,-623.91
e3a989b4-d488-48af-9e98-bc23b0e292d6,-0.01,0.0,52.8,1.97,-7.92,0.0,0.0,46.839999999999996
aef999e8-0a9e-4863-a0d5-f05c80f4b664,-0.02,0.0,-1138.28,-16.78,-7.66,40.88,29.41,-1092.4499999999998
7c7c3b8f-d845-4361-bc1f-02d9de8fb31e,-0.06,0.0,584.16,-0.43,-175.3,0.0,20.19,428.56000000000006
a45c1b3c-2fde-42fe-aea0-40936d69bf4b,0.01,0.0,299.6,0.72,849.01,16.14,49.57,1215.0500000000002
7ad0ef3c-92a4-4489-a75d-516df6adc8e2,-0.01,0.0,212.24,0.85,0.42,49.84,373.51,636.85
761c89d0-dd8d-432b-afa1-6b435c3e8d93,-0.0,0.0,-79.87,-2.49,-10.15,-50.0,26.79,-115.72
841f1362-798e-48fc-8990-feceb3e259a6,-0.01,0.0,531.36,3.97,-167.25,-96.73,8.97,280.31000000000006
4acfde80-958d-4dd7-8a4f-6781235846e1,0.0,0.0,108.7,9.4,-1030.06,-2202.41,411.36,-2703.0099999999998
2202d280-cbbe-479d-a530-b6cb33a8d215,0.06,0.0,-1081.64,12.0,21.07,275.63,147.22,-625.6600000000002
6aa77dbf-9f7a-4459-a939-68cf06313d73,0.0,0.0,-719.38,-29.11,0.36,0.0,0.0,-748.13
dab6453b-d6a6-441d-909f-0fdc62f2e578,0.06,0.0,165.17,-0.02,455.38,0.0,0.0,620.5899999999999
7ae74a34-bab2-4858-93e4-47932987d331,-0.05,0.0,-755.95,6.18,71.87,4.93,-4.37,-677.3900000000001
0e52a958-02cb-4098-a846-c07d76e7b96a,0.0,0.0,118.09,-3.24,-39.18,0.0,0.0,75.67000000000002
e5e9d188-d940-46b5-be5d-134b21408bbf,-0.0,0.0,310.86,4.59,-2.58,34.29,48.0,395.16
e5f740f8-1025-45a7-b00e-a5412c06bac7,-0.09,0.0,-331.48,0.81,18.45,172.96,134.42,-4.930000000000007
cd709438-8e00-4ede-964f-a34de3cacc06,0.0,0.0,1694.92,11.46,-18.43,11.41,6.78,1706.14
729ded1a-5a85-45e9-b68f-7b2d3632e0cd,-0.01,0.0,-100.67,-0.51,-1.2,0.0,0.0,-102.39000000000001
1daeff2d-7665-4719-a346-7549079078d6,-0.0,0.0,155.22,0.17,-1.2,0.0,0.0,154.19
7c99713e-e46b-4da9-8fc6-c9c312abc709,0.01,0.0,-83.26,-1.29,0.0,0.0,0.0,-84.54
4c0c22d8-c2e0-495f-bcad-42801460801d,0.0,0.0,996.56,2.33,6.34,0.0,0.0,1005.23
1fcb946d-faad-4ca4-a6f6-7c4f75a6a25b,0.0,0.0,-230.38,0.68,1.52,0.0,0.0,-228.17999999999998
48a2a9d3-0330-4013-93d1-69f131dc0a6a,0.0,0.0,50.02,-2.9,0.83,0.0,0.0,47.95
b905beec-dc07-49a3-a699-ffe5c5e98699,-0.0,0.0,1492.85,-1.12,-7.1,0.0,0.0,1484.63
fdd3235b-5251-42f9-af0b-f434f3b911dc,-0.15,0.0,-1522.27,-0.02,-42.91,-322.46,42.86,-1844.9500000000003
2ddbc02b-f562-497f-b269-f950d51dfc8d,-0.0,0.0,-535.51,-0.83,114.52,-19.13,29.27,-411.68000000000006
a3c91ad6-fded-4c43-b36d-4b8c4b801162,-0.01,0.0,-127.52,-2.59,-25.25,-41.14,26.32,-170.19
0718e024-28a6-48a1-8e27-3dbbfebe4b6e,0.03,0.0,191.03,2.8,0.33,0.0,0.0,194.19000000000003
13e11aa0-ae32-447f-a9e5-956ea5943e8c,-0.01,0.0,-591.28,-1.62,-2.93,0.0,0.0,-595.8399999999999
09b29f4f-8a04-4ae9-8b5c-65b345ca7c33,0.0,0.0,496.04,4.37,6.35,-19.85,7.35,494.26000000000005
1d8bfc82-c1a8-4356-9ff9-5acbe65c82a8,-0.01,0.0,-1319.87,3.97,3.25,-8.46,8.46,-1312.6599999999999
fa8f4290-5bff-4726-a863-042d37be5b43,0.01,0.0,182.25,20.56,-8.0,3.38,-4.73,193.47
84521b37-e4fd-47bc-aaeb-0fb69dd1f30b,6.22,0.0,489.62,-17.86,-212.81,-72.05,10.55,203.67000000000002
c623c68b-b67f-4e46-9fc9-389d4aa2c9e6,-0.01,0.0,-437.05,-0.38,-7.32,-6.01,27.78,-422.99
948ffa81-0d0b-4fca-b45d-5f30ac47dc46,-0.02,0.0,1357.23,-8.35,1.33,0.0,0.0,1350.19
cc5961a0-e977-4111-912d-32676eb50bd0,6.54,0.0,-2544.77,0.98,-13.54,-221.22,-23.08,-2795.0899999999997
45e249f2-ef21-4552-877f-ab190d8365e8,-0.52,0.0,304.73,0.81,-4.23,8.0,-9.0,299.79
941c15b4-70d2-490a-a104-9ccac4387684,-0.02,0.0,132.75,4.33,2.36,-45.21,14.77,108.98
7a53d2c9-ad87-41b1-8c1c-c4197b4e9e10,-0.0,0.0,-169.22,-7.33,1.14,0.33,30.74,-144.34
e800475f-4bd4-4d7c-a044-6655b3cf20d3,-0.0,0.0,453.42,-0.22,0.0,0.0,0.0,453.2
de87a259-dc67-4507-a488-ceee33dfc426,0.03,0.0,812.42,-0.92,0.57,0.0,0.0,812.1
e4cefee8-2ebe-4b77-ae28-a3178832b833,-0.06,0.0,75.72,-14.86,-66.88,-465.23,99.31,-372.0
13117a0d-bcc8-4382-9cc9-af5980efe5e2,-18.82,0.0,-320.36,2.13,-5.77,-1.36,10.5,-333.68
f82806a5-f29f-4efb-87f7-c8e4b6adc5a9,-0.06,0.0,-427.78,6.45,-0.85,60.12,40.96,-321.16
cf398eee-a2f0-4c43-95fc-6617f10cd847,-5529.94,0.0,5682.96,-5.75,-7860.11,-573.28,-148.47,-8434.589999999998
daf57016-5ad1-42b3-94f6-11377140382d,-0.01,0.0,480.84,1.08,-4366.97,-5.28,-14.6,-3904.9400000000005
b5194065-bc54-4b8b-b6fc-f5cfb6e13915,70.71,0.0,986.04,1.64,-3813.67,-98.65,-37.98,-2891.91
c57bd347-232d-4e63-a1c6-18b540a3684c,0.0,0.0,-95.03,2.95,1312.84,0.29,11.14,1232.19
a60fe401-087f-4e4e-aef0-2735edbbc3db,8.48,0.0,-354.6,1.76,-1949.49,0.0,0.0,-2293.85
5f66dfdc-c3a0-4e67-8af3-42e7030fe874,0.0,0.0,16.35,-1.9,-135.79,0.0,0.0,-121.33999999999999
48601f86-254c-4be3-ac29-84fe3fe18c39,0.0,0.0,-1656.03,0.82,4933.53,156.82,186.36,3621.5
a6d98177-97a3-43a9-8cf6-78c60439c934,0.0,0.0,2037.34,-0.78,-39100.89,-7320.64,-2827.44,-47212.41
fd1ba216-39dd-464c-84ef-4385564452be,1207.56,0.0,537.67,0.11,-4670.15,-1247.56,-551.8,-4724.169999999999
6bfedb3f-5ae4-4293-8bd5-a5d7203266e7,0.01,0.0,1017.24,2.0,1309.93,-5311.66,-1540.13,-4522.61
caeffef2-c5b0-401a-9f5b-6747921c6e6d,-0.04,0.0,-1339.43,-0.18,-2686.82,-12284.99,-1658.1,-17969.559999999998
f1467e3b-224c-4f91-91d3-97136ad5cf2f,-0.07,0.0,-574.89,-0.11,-1362.7,-586.81,1.15,-2523.43
b2294e0a-0482-47ef-8907-6b210d4b6e32,-0.05,0.0,-87.5,-8.62,-520.58,-4.05,2.51,-618.29
,0.0,0.0,972.37,-23.59,-187.38,-26.8,14.02,748.62
7655b760-c3e9-45e7-991d-db0620beaa5a,-0.02,0.0,-754.74,-13.92,0.23,-509.16,112.15,-1165.4599999999998
30cba7b8-72bb-45aa-a9d2-85963694b17c,0.0,0.0,1451.54,54.93,10.35,103.12,-20.83,1599.1100000000001
fbb0243a-51d8-4282-809f-02dd2bf0ff7d,344.09,0.0,28.35,-6.23,20.61,-73.65,25.0,338.16999999999996
afbbc7fe-2fbb-4cf8-8c0d-0d90c8233827,-1.34,0.0,-330.77,-14.0,49.54,-262.69,-43.21,-602.47
90e3b7cb-b4c4-4c77-8e18-b6d591856fdc,-0.0,0.0,256.2,10.56,12.01,0.0,0.0,278.77
3a3215a8-4dd5-48f9-956f-8ba8d36855fb,-0.09,0.0,155.58,-18.24,3.0,-635.39,209.71,-285.42999999999995
8f372283-aa68-4916-a3e0-e3361ee9d80f,0.0,0.0,-544.35,-10.75,-33.03,0.0,0.0,-588.13
43784e26-f670-4776-b0fd-b838628ad89c,-44.44,0.0,936.65,30.53,-65.81,298.42,108.41,1263.7600000000002
dd74aff9-4af6-4027-879b-62e6039c608c,-0.01,0.0,-416.53,0.5,-0.08,0.0,0.0,-416.11999999999995
4a251503-2615-4795-836d-f7b55c7881b5,0.02,0.0,39.92,-1.08,0.75,0.0,0.0,39.61000000000001
fa7d4bd9-e014-4d1e-9afb-a82594e1ac39,-0.01,0.0,-111.83,45.99,0.0,0.0,0.0,-65.85
694d5b59-920a-4f29-b3fd-b27b1fd09008,-0.02,0.0,-93.21,1.92,0.0,-42.5,33.37,-100.44
9b119d1e-4b14-4877-be55-e6a12de85686,-0.03,0.0,-2234.27,20.65,-2.29,0.0,0.0,-2215.94
efa26caa-d151-4360-96c6-e239dcc7aa66,0.0,0.0,-684.83,0.96,0.0,0.0,0.0,-683.87
64509f6d-1399-4034-bc15-33bd84c2f251,-0.0,0.0,2869.8,-24.77,-34.26,-47.07,206.37,2970.0699999999997
a34a5a4d-b7df-4346-b49e-8e814f9c828c,0.0,0.0,-1071.15,14.8,-85.08,-47.02,34.7,-1153.75
e032c3a9-91c9-420f-974c-e0e01843b27d,0.0,0.0,1103.53,-4.01,69.98,459.27,40.06,1668.83
2078b97a-8d34-434e-83f4-b65aa9498ac9,-0.0,0.0,233.48,38.19,-1.72,-0.53,6.2,275.61999999999995
23b87777-0f7d-4d19-8e0e-071c7c2f82ec,-0.0,0.0,-342.74,15.47,-39.88,-19.77,-44.52,-431.43999999999994
f03f3cc5-f970-4259-a882-85484e79bd02,0.01,0.0,-323.11,9.52,-156.28,0.0,0.0,-469.86
4b096b4d-5b63-40c3-bb7a-56a0ae9e0c1b,0.0,0.0,-69.4,-0.04,-3.53,-46.41,6.0,-113.38000000000001
7a034cb9-07a3-4fbf-8950-2353d5359488,0.0,0.0,-479.34,-3.02,-6.11,3.19,32.82,-452.46
8bb11aff-3a0e-4310-a4a9-736720e55d5b,-0.08,0.0,1780.65,-8.02,40.67,55.75,76.57,1945.5400000000002
cb55fd2f-928e-48ae-97a4-dda0a7468177,0.0,0.0,763.37,20.67,-1.5,0.0,0.0,782.54
79f44238-c4f8-43ec-9a25-af110c6569c1,-46.49,0.0,359.34,-4.97,0.75,0.0,0.0,308.62999999999994
6715e508-ac03-4bdd-ac92-d0376794845e,0.0,0.0,-62.91,5.23,-1.4,0.0,0.0,-59.07999999999999
56ebec51-62cb-4f9e-b371-a94afc715e13,-0.02,0.0,844.55,7.45,-1.11,-86.58,33.05,797.3399999999999
d6924320-e2ab-467d-932d-51d5cb2e2500,0.44,0.0,-3.06,-0.34,1.3,0.0,0.0,-1.66
c773b8f5-ace5-4e3b-ac3c-408d72b3bcfe,-9.88,0.0,-186.48,-4.84,3.46,8.48,26.29,-162.97
e8f0cf04-41da-469d-bcf6-dd9a7aacc71e,-0.0,0.0,-124.62,6.47,-122.1,-73.17,139.84,-173.58
96fc49bd-679e-4015-b18f-ec594ed6cade,-0.02,0.0,-535.88,-9.57,898.27,-10.23,1076.13,1418.7
0a771d78-689e-47bf-929f-a7545e035976,-29.16,0.0,235.77,0.27,0.0,0.0,0.0,206.88000000000002
d837ed2c-d9fb-4e22-a03c-f29b19a6a356,0.08,0.0,357.06,-1.39,51.84,0.0,0.0,407.59000000000003
df361d09-67e3-45bd-88b0-aece32ac66a2,-14.58,0.0,-255.95,44.39,0.6,-134.35,89.11,-270.78
2493bc73-b1c8-446c-94cc-9ced82f784d8,0.01,0.0,288.31,-4.95,1.5,0.0,0.0,284.87
2862cd13-f1ab-424e-bae2-bdacc4bdc7bc,0.03,0.0,-531.48,0.37,-324.39,-17.64,8.33,-864.78
ede92123-d54d-4093-8551-7f8c7e0fdff2,0.0,0.0,-269.05,-22.15,-9.33,41.0,0.99,-258.53999999999996
24d6a3da-b1ba-471b-93a2-a172e8294002,0.81,0.0,701.29,7.89,-0.3,84.29,17.45,811.43
2dab60e3-b7db-4bea-8833-c4a7705dbaa3,0.0,0.0,-574.26,2.12,-0.84,0.0,0.0,-572.98
f1cf2517-5874-4e84-9765-dbd3e92a9d93,-16.95,0.0,169.01,-4.04,1.54,-12.75,13.65,150.46
ed82cae9-6db0-4ea7-a3f3-96fe98ea7e42,-0.05,0.0,124.11,3.73,3.89,-105.79,25.82,51.71
389ec597-2224-45dc-8387-ea57566c9f49,0.01,0.0,736.63,-6.29,-14.06,-561.36,163.85,318.7800000000001
fad43d61-661e-4c3b-b9a0-b00662c175af,10.23,0.0,-250.76,-14.12,1.02,0.0,0.0,-253.63
bcec0bb9-2184-44da-9005-c682b1de8de6,-1.1,0.0,-770.45,-16.42,-6.02,-134.4,-63.29,-991.68
a9305eb9-ca4a-469b-b22f-af1ba026d90b,-0.01,0.0,63.52,0.37,0.33,0.0,0.0,64.21000000000001
c950252f-a6de-4e09-bbdc-b1eeee91e001,0.0,0.0,4.18,4.86,-0.3,0.0,0.0,8.739999999999998
5645b069-4c70-4284-a319-d35af4a7e09a,0.0,0.0,-30.06,2.41,-0.71,0.0,0.0,-28.36
80c850a1-2f56-491b-a086-e47e2c1bfd78,-78.06,0.0,-283.47,57.98,-0.15,-587.6,18.47,-872.8299999999999
af5b9ed7-b7d9-427f-8834-b9e94cf2f647,64.09,0.0,-41.82,-9.8,-416.08,20.14,29.46,-354.01
a02845dd-56e8-4495-9338-567f198eff30,5.68,0.0,-1133.28,-15.36,-6.24,-90.53,139.12,-1100.6099999999997
cacba512-5198-492b-afca-69bd89096588,0.03,0.0,1442.8,-7.3,0.64,0.0,0.0,1436.17
ed8bf366-a291-4882-ab73-d56ba0458943,-0.0,0.0,-23.93,-2.63,-2.49,0.0,0.0,-29.049999999999997
d1cdf0f5-88b8-440a-8fd8-45ceeb9adc82,0.01,0.0,362.81,-6.2,-1.25,0.0,0.0,355.37
e1096ec6-2dd0-44d9-9ebe-f99ae4acd504,-0.05,0.0,330.98,29.35,0.12,-446.91,98.38,11.870000000000005
06e203bd-96af-4dd6-91c8-afc77c24f097,0.05,0.0,479.96,5.9,0.06,-352.65,163.75,297.07
f10fcbce-8af6-40df-83a7-4dd795c4112d,0.02,0.0,310.18,58.52,32.13,-30.71,82.2,452.34
165257f8-1f0b-4084-a9de-9e00bef5ad8b,-0.1,0.0,-1193.73,-39.3,-1.35,64.16,38.8,-1131.5199999999998
d96939eb-194a-432d-8d01-cd4aa244b2f9,8.28,0.0,204.41,1.38,0.14,13.15,23.57,250.92999999999998
728fe5a0-f251-4a4a-ba59-40c793aa0e73,-0.0,0.0,-320.01,-137.85,1.21,0.0,0.0,-456.65000000000003
3ad84db0-7430-48ce-a5da-5d02e15fea9f,-10.82,0.0,17.03,0.28,-1.45,-22.61,4.83,-12.74
3e2dfce3-9f3a-4749-adc7-6445992bbc92,-1622.41,0.0,935.17,16.01,-41.39,155.36,149.14,-408.1200000000001
88bba639-a125-43d6-8330-a026a9235be0,-0.04,0.0,-658.01,-3.27,-7.05,22.67,18.58,-627.1199999999999
989abab7-495d-429b-a444-76d5d19f730f,-0.01,0.0,151.75,8.53,15.84,-38.74,56.73,194.1
bb4df898-bbff-48ed-b599-ec26a1b88b16,5.59,0.0,0.0,0.0,0.0,0.0,6.2,11.79
0d3a00aa-3004-49a5-87b2-e4982b76d638,-0.02,0.0,738.63,-9.02,3.53,-74.54,57.85,716.4300000000001
4afba7f2-5dbc-4802-8e41-be41018f24b6,-2.82,0.0,1454.25,31.64,75.33,449.82,209.37,2217.59
68b07598-c677-4fb9-a274-a35c0be71128,-0.01,0.0,569.28,7.42,-0.57,0.0,0.0,576.1199999999999
5a8f569e-45bd-4f95-891d-3f60a4a5b6a8,0.0,0.0,11.82,5.09,-0.18,0.0,0.0,16.73
b3bb4cd7-e217-4cbc-bbbd-f22d2c111b02,0.23,0.0,-1090.31,12.27,5.98,-738.29,424.05,-1386.07
df1acc60-0d5f-49f5-8be4-5724e50f54e1,0.0,0.0,130.75,-2.11,0.72,0.0,0.0,129.35999999999999
d0bfccc0-e675-48c3-b68a-17c8ed299df6,1.3,0.0,2.09,-4.77,54.49,-1.46,50.0,101.65
4b1ec6d4-381c-45a9-b295-4b990b2d1333,-0.01,0.0,-525.33,3.66,-46.53,0.0,10.87,-557.34
5b75e15d-3629-4f33-ab62-85810d22b42d,0.01,0.0,-63.03,13.59,-3.72,12.37,49.07,8.289999999999992
84169f24-d0c4-4f67-9300-757b9489851d,-0.0,0.0,1169.95,-62.94,2.54,0.0,0.0,1109.55
6ac2cd2c-5d22-4503-9041-cc3d0fcecf3f,0.0,0.0,-168.59,-13.22,-1.86,0.0,0.0,-183.67000000000002
4449a22d-2fba-4ddd-a859-8df3af0c8c54,0.06,0.0,-847.88,-6.42,-20.51,-22.32,34.68,-862.3900000000001
b0b6b28e-9d2b-4164-9f59-424d8c3a716e,-0.01,0.0,-350.39,1.34,-3.59,-495.4,28.31,-819.74
7daa87b1-778f-477a-ae00-90ff491524b6,0.01,0.0,-1239.81,-2.88,5.32,-102.37,22.33,-1317.4
17b6b124-2b4a-4a77-a59c-525cfff0de11,-0.09,0.0,-2153.4,0.8,0.8,-2279.56,383.29,-4048.16
a977fc01-0f89-4885-be6e-e4e38206ce06,7.7,0.0,1309.46,21.44,-2.79,39.21,57.13,1432.1500000000003
72b33435-6456-49d8-b494-7da11e15e0a9,0.02,0.0,654.02,3.33,-20.73,38.59,-5.52,669.71
ad90fdd0-8e9b-4d77-baff-28e0fdf86a8b,0.03,0.0,368.01,6.27,-141.21,-249.26,80.67,64.50999999999995
564b7047-0f04-470e-b91c-b6d836e38eff,-0.08,0.0,-1056.44,-16.04,-268.68,-188.6,72.36,-1457.48
2fcf8ada-4784-42c3-87eb-620e339328c9,-0.01,0.0,-115.0,17.62,-103.13,41.88,14.07,-144.57
b08cac50-0e75-4810-ba50-2b1a94217661,10.8,0.0,748.35,-6.32,0.37,-42.42,34.66,745.4399999999999
f23ff2d2-f242-49c6-adf2-29ff0e0357ad,-0.01,0.0,50.23,-40.34,-3.14,0.0,0.0,6.739999999999995
3cf78875-2e9a-47b3-92f5-484c1dd1440e,0.0,0.0,390.22,-7.31,0.58,12.33,-4.71,391.11
ccba2031-2c07-4f44-a665-d93848480b23,-0.03,0.0,-732.77,7.87,-46.2,0.0,0.0,-771.13
034c71c1-b0c2-478f-ae28-425c507ac29d,-0.02,0.0,-110.28,-1.45,0.74,0.0,0.0,-111.01
fc1a693c-b445-4b86-a454-013077b10e92,0.03,0.0,146.44,1.33,0.0,0.0,0.0,147.8
b8fb09dc-6ee5-4fee-a96c-3e4f2a15658d,-0.22,0.0,835.03,3.81,-2.88,0.0,0.0,835.7399999999999
8c73e9b6-8478-43f5-8937-b410d21972ab,0.0,0.0,-84.62,2.37,3.47,0.0,0.0,-78.78
2267d026-a1d8-44d2-93ea-65f66e7e9c3b,-3.52,0.0,1399.06,-9.1,39.12,0.0,0.0,1425.56
5ea9a540-349b-4fbd-82d7-fbeddf1f26d3,-0.01,0.0,-142.42,-2.37,-10.73,-4.15,33.76,-125.91999999999999
0fbd4c1f-2b54-4f17-bcc8-638a6f5427b3,0.02,0.0,-396.86,0.69,0.73,0.0,0.0,-395.42
1492fa90-0a0a-4a19-9b39-663c82c8530d,2.19,0.0,-545.93,0.28,-0.14,0.0,0.0,-543.5999999999999
749b466b-88e2-4fad-86c1-bf2a449278ee,19.23,0.0,656.97,-7.36,3.46,0.0,0.0,672.3000000000001
1972a5ac-6def-4ae9-a191-1eef6cf43c44,-20.45,0.0,-142.29,-0.29,0.42,0.0,0.0,-162.60999999999999
19bf3a4d-d30a-48ab-9b2e-b9df302a9988,-0.02,0.0,300.61,23.32,-4.3,-3.82,11.25,327.04
0dd9ad43-ac5e-4086-a4d9-600e76772a2a,0.0,0.0,-888.3,0.8,0.08,0.0,0.0,-887.42
ad20b669-3fc2-4d3c-a30f-c7c92e56ebf5,0.02,0.0,41.53,1.39,7.5,-2.8,55.32,102.96000000000001
74227f9b-43bb-4004-9f90-038861b110f8,0.0,0.0,1320.82,12.72,-2.73,0.0,0.0,1330.81
b7c0e207-21b3-4746-9f30-3cd24fd95661,0.04,0.0,179.69,-10.49,7.17,-134.62,-48.86,-7.070000000000036
2596a024-1214-468e-a50f-1b1ef45d42f8,0.01,0.0,159.59,4.07,0.4,0.0,0.0,164.07
90b35ea3-d6c9-487e-a853-fb9208fa5ecf,-0.02,0.0,1074.94,13.26,-1.56,-45.3,51.12,1092.44
e793da5a-7329-4bb2-9884-ea21448f2fc9,0.0,0.0,-148.79,0.22,-0.0,0.0,0.0,-148.57
f184df2e-9eba-4ba9-8668-c3943858cc3b,-9.59,0.0,598.09,73.56,0.17,0.0,0.0,662.2299999999999
2f399a64-bebd-4b56-9e6b-7d0bd65d1d65,-0.03,0.0,-60.35,-14.88,-0.91,-267.1,19.95,-323.32000000000005
8ea11311-879e-4c82-a371-4c947b7e647f,0.01,0.0,-384.52,0.0,3.62,0.0,0.0,-380.89
a32baba5-2f5b-4012-be5e-53a7948a4240,35.01,0.0,283.72,0.83,-0.85,0.0,0.0,318.71
2c3d3a6f-54b1-42c2-9e0e-72fda2cb8914,-4.12,0.0,207.47,0.55,-0.11,0.0,0.0,203.79
34f0d9ba-cbe1-4c5c-9eed-d5131a5ecc7a,0.41,0.0,337.56,0.49,0.0,0.0,0.0,338.46000000000004
58f31fe3-c8ec-4238-8ba3-ebf74093d7ec,-0.01,0.0,-12.34,0.32,0.8,0.0,0.0,-11.229999999999999
cfa266bf-ffe4-466b-a3ab-8ddaab8ba98c,-0.01,0.0,-211.38,-0.41,1.58,0.0,0.0,-210.21999999999997
b4bf1104-d04b-43fe-abf0-47a51573a247,-498.67,0.0,6.74,10.26,123.86,-335.68,253.05,-440.44
a47e8845-fe6e-454c-8d2a-c4dc570dd124,0.0,0.0,-105.48,-48.14,-467.27,-376.4,-64.33,-1061.62
c8a8080b-6c5b-401c-8107-fcb3a6b95681,-0.01,0.0,127.24,-2.7,-13.12,-492.42,31.15,-349.86000000000007
b19e735e-80ee-4e34-b537-f368f16ca696,107.13,0.0,-199.64,12.18,-1.04,-39.52,97.46,-23.429999999999993
e7bf09d6-9bfc-4d8f-a782-4ace14aa0a1c,0.0,0.0,515.09,1.86,3.33,2.98,23.61,546.8700000000001
24a07bdd-6d6f-40cd-a11c-bff816d32789,-0.0,0.0,17.62,-11.63,-0.1,-118.38,13.71,-98.78
ba75b71c-d507-405e-b1d8-14b79c5be221,-0.06,0.0,524.2,11.46,-1.24,-120.97,65.97,479.3600000000001
ba57b8f2-47ff-402f-98a3-2917236cfaa2,0.03,0.0,-1216.28,-129.29,-0.13,0.0,0.0,-1345.67
0dbc9f82-5b88-4d11-97ff-739f37e3dab9,0.0,0.0,214.3,-219.9,4.1,0.0,0.0,-1.4999999999999947
6a2dfb04-429a-4156-8a3f-964a846063a0,0.0,0.0,-825.58,-49.87,-6.24,0.0,0.0,-881.69
9a25696f-9770-42f2-acd7-98bc01c66fcb,-0.0,0.0,-159.27,35.63,0.31,0.0,0.0,-123.33000000000001
22c41ce6-fcbc-4c8a-b384-9e92491e5b63,-0.03,0.0,219.43,12.39,8.09,-89.64,48.72,198.96
0b26b8b3-c9ee-43a5-890a-d4be7c8e596a,0.0,0.0,-413.33,50.51,5.49,0.0,0.0,-357.33
485783fc-ebfc-49fe-b48c-b0a18a4a819e,0.01,0.0,92.2,-8.92,0.29,0.0,0.0,83.58000000000001
3cfb30fa-4d79-4118-89be-ea9b6d1c81ed,0.07,0.0,-25.94,0.97,0.0,0.0,0.0,-24.900000000000002
4f4ce755-8964-4b09-91a8-ca38c366b1a0,-0.0,0.0,209.13,-86.67,-1.18,0.0,0.0,121.27999999999999
8572066e-2f62-447e-af5a-e291abe3c6ef,0.01,0.0,462.73,16.49,-1.56,5.82,14.77,498.26
faf79097-4768-4d1b-b4c9-ccba51f8b104,-0.0,0.0,39.68,0.22,0.59,0.0,0.0,40.49
f8c5a4a6-469e-4ea0-8ec0-32722b8ca600,-0.0,0.0,-101.75,3.65,-0.59,0.0,0.0,-98.69
3c263a16-4e74-4c1c-bbdf-1897f0ba35e2,0.0,0.0,-8.23,11.7,-0.36,0.0,0.0,3.109999999999999
b8b9ea5a-9832-4006-8260-a5b0338aca55,-0.0,0.0,-456.44,1.25,-0.75,0.0,0.0,-455.94
01775fd2-cedf-4c9a-a3e6-81f9784c204f,-0.09,0.0,49.63,0.54,-7.82,-18.17,61.99,86.08
d4e095d6-39ca-4250-91dd-df13d19ad70e,0.01,0.0,425.52,8.55,1.59,56.53,3.46,495.6599999999999
76ee1c5e-2b87-4847-89ef-4bc5191ad382,-0.0,0.0,108.59,0.48,0.21,0.0,0.0,109.28
d533d49c-9803-4136-8cec-156227257eaf,-10.23,0.0,-172.73,-0.9,-4.64,1.22,-19.88,-207.15999999999997
0e771d78-f9aa-4b74-8cc4-97846d0d8a9b,-65.89,0.0,207.84,-0.7,20.38,-11.12,20.35,170.85999999999999
5dc25c71-c2b1-4779-817e-492d1318f0c1,-0.0,0.0,600.94,81.19,2.26,-11.38,2.02,675.0300000000001
4a5f3f05-00ec-4853-83f1-1d23f205295b,0.02,0.0,37.3,-4.21,-48.92,0.0,0.0,-15.810000000000002
14d7b959-7264-459d-9c9a-cf9cae004bd7,-0.01,0.0,864.67,8.64,27.28,15.69,88.64,1004.91
df7e28ee-7851-44dd-bfd0-b7d5787cfe50,-0.0,0.0,-27.47,-0.36,-0.78,0.0,0.0,-28.61
ab0ff2f0-a758-4abf-8ed3-f027bf2622d0,-24.56,0.0,93.15,10.63,-134.21,-381.25,107.36,-328.88
3e560218-2e34-445a-a38d-f02c7e99f407,1582.41,0.0,-196.47,-0.1,-50.26,-14.07,17.76,1339.2700000000002
87f4e583-c353-496f-9893-49b2c681ef29,-11.66,0.0,146.28,4.89,809.27,-15712.04,992.46,-13770.8
fcec80f5-c011-4b24-9070-0ead556ae1c0,0.05,0.0,307.15,1.3,967.05,89.31,-51.91,1312.9499999999998
a8e53f5c-a25f-4a6a-af7e-6c2c52e8052b,29.12,0.0,-235.41,-0.54,-622.85,119.48,-40.26,-750.46
74b541b9-f148-4251-bc82-d588aceda494,1.43,0.0,-315.84,-2.5,-131.19,18.71,-110.08,-539.47
d5a792f9-e1d7-4eb3-9c38-d11317876b5b,-12.5,0.0,540.34,-3.94,-533.72,-645.43,-250.72,-905.97
53698440-dc2f-4993-9e49-63229bde9e67,100.62,0.0,-129.13,0.41,616.3,33.7,-25.0,596.9
2824c5fc-4295-46c4-b525-b29e15e977c1,-0.03,0.0,-1282.86,-15.51,-405.31,64.23,-104.0,-1743.4799999999998
c27131eb-913a-4efe-951e-b23f9b79edee,2.83,0.0,902.63,11.15,-108.43,-560.26,96.09,344.0100000000001
c5fcee2f-7375-45cd-91cf-322aba9fb643,-0.01,0.0,-240.25,-2.56,-14.94,-56.54,-53.63,-367.93
895e8445-0472-4061-baee-04ac76337a82,-95.81,0.0,81.33,2.86,140.5,266.8,56.16,451.84000000000003
b8c2e562-3896-4880-be63-15abf0821a48,-0.04,0.0,111.5,-7.41,-50.54,-21.13,-1.97,30.409999999999997
850fc758-d44c-4cfa-a165-57a118014ff4,-0.0,0.0,-75.14,-35.15,-101.48,0.0,0.0,-211.76999999999998
99fd3844-d33e-43a8-aaad-a627def09a69,0.0,0.0,-124.07,-4.25,-19.38,-39.42,112.75,-74.37
1a98601d-1f0a-4ad5-aa0f-f2074c471bba,-4.31,0.0,-354.44,14.9,-88.42,207.93,9.47,-214.87000000000003
6e04be5d-5f11-45e6-a040-5f5353c90a97,-0.02,0.0,-147.7,-8.89,-69.57,22.53,-61.71,-265.36
478b568d-6ee8-41e0-8b2a-0dfc12671cf3,-0.0,0.0,-0.65,0.0,-7.04,0.0,0.0,-7.69
e5dd0a4a-98b6-489e-9c80-6add35d11783,-0.0,0.0,157.76,15.48,-67.94,0.0,0.0,105.29999999999998
a754aaa0-0c5e-4bbd-a8f9-c0f57fa009a6,0.04,0.0,-110.17,7.28,-75.5,-28.06,13.05,-193.35999999999999
392daedb-29cc-42af-8c01-a2329a5b090c,4.0,0.0,15.74,7.67,142.67,0.0,0.0,170.07999999999998
6b96f379-d136-4bd7-ac7a-b82ae39a974d,15.71,0.0,212.98,-0.12,-138.86,-128.03,44.03,5.7099999999999795
38641fdf-b56c-4d62-be92-e6babf951ca9,0.0,0.0,-132.01,-28.41,-2.37,6.07,22.5,-134.22
64428b56-f882-498e-a152-590bcc674f26,0.02,0.0,-21.99,0.65,-30.6,-100.09,72.98,-79.02999999999999
d8cb05b7-7263-4ee5-ae76-707c36e1bc42,-0.07,0.0,-181.52,0.0,-144.63,-135.3,71.31,-390.21000000000004
95fd7cad-d443-4331-b7f6-72763bb9b196,-11.15,0.0,1.46,-0.01,-238.59,-74.58,18.97,-303.9
f2863f0f-1bc3-46e7-9261-2d50b85b0ca2,-0.03,0.0,-2.11,-2.17,-0.51,-33.9,38.4,-0.3200000000000003
0199ba63-d1ba-4b53-af61-1698c4242adc,0.02,0.0,186.37,-1.7,-5.88,32.36,52.07,263.24
17e30330-f7ab-4da7-b4aa-f80008189365,-26.39,0.0,-8.72,-0.05,37.33,-86.42,-305.25,-389.5
bcc461b9-4f8b-4d82-91dc-c9d31f374ee1,-0.01,0.0,394.88,-38.69,13.45,25.36,-6.46,388.53000000000003
1f8caaed-37fc-44e8-9cc3-4ba5791476fe,-0.03,0.0,-12.0,-0.13,-187.99,-14.06,-1.83,-216.04000000000002
5c62443c-e4b7-43d4-9ee1-a0372ddf2fdd,0.04,0.0,-86.79,0.0,-18.5,-168.48,-29.02,-302.75
6e80fc00-3172-4b79-baeb-53d56d1a4221,0.03,0.0,-518.8,-0.43,-347.06,-227.83,73.93,-1020.1599999999999
dc459c28-00a1-4b0e-a9c2-38ff65b84aa5,-0.01,0.0,179.04,-4.65,-11.0,45.5,73.38,282.26
c8525a1c-3f5c-4df0-b581-5d6102fc334b,67.47,0.0,-108.52,-1.2,-454.68,-21.83,-24.16,-542.92
cb524d23-b0c6-4288-976c-4b13b3259203,-0.01,0.0,-376.26,0.11,-229.86,50.63,89.85,-465.53999999999996
ca81d631-f030-47ad-a30a-6827d943ce42,518.44,0.0,306.74,10.03,271.11,-643.29,118.8,581.8300000000002
245e3180-df54-4154-b621-aea564d4c587,-0.32,0.0,-26.59,1.33,-42.6,-19.6,0.2,-87.58
949b17cd-5b7f-4edd-b13c-c8c44f65d020,0.0,0.0,-127.53,-2.88,-3.61,-256.55,-9.07,-399.64000000000004
40f030a4-e7c6-4827-965f-5363ff4d5b81,0.0,0.0,-69.67,7.14,-18.58,0.0,0.0,-81.11
fecd130e-41f3-4ef8-aed1-46d27751e44a,0.0,0.0,-126.18,-14.04,38.15,-12.44,3.0,-111.50999999999999
c2ddf761-fc0c-40f2-946f-b5be9a92efff,-0.05,0.0,-0.17,8.99,-40.1,-308.32,-574.93,-914.5799999999999
24dce65c-6d43-4b31-a465-936c011c501c,-14.25,0.0,49.47,-0.18,-0.66,0.0,0.0,34.38
43e191da-4133-4917-ad47-8ffaa70e4c58,-2.64,0.0,-92.95,0.0,0.0,0.0,0.0,-95.59
bac70076-9f1c-453b-8c1d-fe2e912e27aa,5.62,0.0,371.91,0.18,1.01,0.0,0.0,378.72
13104253-2120-4b1e-b0f2-c42443f87b43,0.04,0.0,112.63,6.42,-7.68,56.62,44.6,212.63
93145034-8206-4203-b88d-6e0c550bbac0,0.23,0.0,-211.44,-1.24,2.88,6.34,16.5,-186.73000000000002
30534ddc-21bc-41ef-9446-b67136fd02f8,0.03,0.0,-240.01,-1.44,-2.57,9.96,-9.0,-243.02999999999997
6038e6ca-cb36-4840-b70b-4ccbc0159fca,-0.03,0.0,-299.22,-11.46,-7.79,3.41,92.75,-222.33999999999997
92e1c96f-6222-4682-ad96-a717bb02d444,0.0,0.0,12.71,1.23,2.32,-2.27,3.13,17.12
e7d1e9dd-3764-4272-add5-35d6239ec049,0.01,0.0,676.04,4.78,6.82,-5.86,15.1,696.89
cb533ad0-8ff8-4223-9df2-626d5c3adce5,0.09,0.0,-98.67,0.26,-47.41,-461.72,145.78,-461.6700000000001
d5665334-56b5-49eb-a03e-1d38bed8c79d,0.04,0.0,269.09,-0.8,28.89,42.07,40.81,380.09999999999997
4af65668-9ba8-4314-999d-40a34bb5e096,-0.16,0.0,-27.04,-9.7,-420.98,0.0,0.0,-457.88
f0bfb77d-7a9b-4277-b812-4eae09b23f84,0.0,0.0,-587.71,-0.84,-80.36,0.0,0.0,-668.9100000000001
13d71b0e-5d0a-4f78-8348-25fc0ecdaf44,-0.01,0.0,-31.45,2.43,60.32,-932.45,39.15,-862.0100000000001
a801a4f3-1e29-4ad2-9abb-af20fa3e9330,0.04,0.0,6.57,-3.78,2.53,47.44,-107.37,-54.57000000000001
f752abd2-ec63-44bf-8fdf-74a86eb4420e,0.0,0.0,419.62,1.05,-2.51,0.0,0.0,418.16
890d86c7-e9b9-43b1-b7c6-604b0f157571,-4.9,0.0,-477.99,-0.33,-18.24,0.0,0.0,-501.46
cea33211-8ea5-4a47-a79f-0bdd6acf9639,0.0,0.0,-219.43,-1.11,51.15,0.0,0.0,-169.39000000000001
1b30f705-41de-4111-ab3b-ab2ee57de061,-0.02,0.0,2.56,0.06,4.63,-15.18,52.68,44.730000000000004
ad2f2a96-0ba8-42ce-acad-2bb4e9e134dc,0.29,0.0,180.06,1.02,428.21,0.0,0.0,609.5799999999999
56b8bf5b-21bd-4c8b-8050-870fbaff9a4e,-0.35,0.0,-615.74,2.94,13.77,-1385.4,1503.11,-481.6700000000003
d45c84a1-cd42-46a7-b505-612f50d73e16,0.0,0.0,285.37,6.62,16.11,0.39,-33.74,274.75
fab5cf2a-339d-4695-ae79-80a224bced2f,0.01,0.0,-277.21,-15.05,-20.79,-6.33,-6.67,-326.04
2229801f-fc88-4226-a022-abf3409c885e,0.01,0.0,-8.58,4.19,-174.47,0.0,0.0,-178.85
fa13d4fb-eafe-4d85-aafa-dddb06566ffb,0.03,0.0,-367.77,3.46,-812.01,0.0,0.0,-1176.29
3dd91827-af3d-4ec9-9125-89858d4320e3,-0.01,0.0,-25.55,8.19,8.16,-509.83,296.83,-222.20999999999998
647f93ee-da84-4565-bcf2-0716a7ddfd5a,6.75,0.0,-45.68,-1.02,-6.67,0.0,0.0,-46.620000000000005
a760dec2-a4ad-49bf-b2d4-a4b09739893d,-0.0,0.0,290.76,-2.09,165.33,0.0,0.0,454.0
fc0e9f2e-8581-41b1-86d8-c211537c35d1,-0.49,0.0,-228.96,3.72,2.32,-226.43,60.0,-389.84000000000003
9fc0b75f-1859-4718-a180-b6b9fa80b251,0.0,0.0,336.72,-0.26,-6.17,0.0,0.0,330.29
c426fdce-e033-47d9-b268-537bb883f9fe,0.02,0.0,-321.12,0.26,12.68,0.0,0.0,-308.16
56b34dcc-2c63-4d8d-b740-b12255096bed,-0.0,0.0,21.29,-5.75,-28.33,0.0,0.0,-12.79
3d7db1eb-3acf-468c-91e6-6040a92d1441,-0.0,0.0,-146.28,0.11,-7.48,0.0,0.0,-153.64999999999998
7727fb2d-85b7-4aa6-be5a-f4c14520af30,0.0,0.0,286.01,5.64,34.04,0.0,0.0,325.69
db221079-f88f-4461-93d3-a1d6387ccb19,-5.83,0.0,-614.07,-10.1,-0.88,-80.75,20.75,-690.8800000000001
9c37cc07-e477-4b32-9937-01063c71733a,-149.27,0.0,171.08,0.53,-1272.8,-943.73,107.39,-2086.8
7411409e-cc85-468d-9a0a-569c8872c931,-0.01,0.0,-166.47,33.38,330.04,18.4,405.51,620.85
1f762d25-b6c1-45e8-97d6-6eb24d3f9845,0.03,0.0,39.85,-1.24,-13.66,22.51,18.21,65.7
37ae726c-d258-4c86-818f-c34f4cd41d98,0.0,0.0,51.44,9.76,30.65,0.0,0.0,91.85
53cd29ea-ba81-4a85-92f8-5501f7cd0980,0.05,0.0,47.49,-4.26,-36.84,-10.42,-20.22,-24.200000000000003
8996127e-2bf9-414a-b5e6-c47d295c1af6,-0.82,0.0,-84.97,0.59,-231.35,0.0,0.0,-316.54999999999995
2d649e10-b66d-43a5-a545-ab3318de04d2,0.01,0.0,39.73,1.99,-169.96,-281.83,65.12,-344.94
c4e26396-7c24-40d4-8e3c-6e635c50344b,-0.02,0.0,-129.94,-12.23,-32.57,0.0,0.0,-174.76
d2b1aff8-9b36-4f5c-812a-2cbb7c658cc9,0.0,0.0,-498.05,4.4,-21.82,-13.47,-6.95,-535.8900000000001
2d3c86a3-dabd-412f-88be-a058dcd4819c,-0.01,0.0,4.8,-26.0,27.38,16.78,-4.51,18.439999999999998
68aa1d0e-1203-4a74-98c2-22af9605a304,1414.98,0.0,314.91,0.0,-78.62,-6461.76,1269.47,-3541.0199999999995
e3bd3ee5-5da1-43a4-9654-a2f6fb38239e,0.02,0.0,-179.78,-9.31,-71.76,6.36,54.44,-200.02999999999997
a6cbbdf2-cad6-474f-abec-255f8dc3668a,0.74,0.0,-135.7,0.54,10.51,0.0,0.0,-123.90999999999998
8614efa9-79db-485a-b0f7-aaac16320c6c,0.05,0.0,23.31,-1.64,51.18,0.0,0.0,72.9
b2bd76f7-310e-41a9-8852-10cda2627a73,0.0,0.0,-695.68,9.96,3.77,-327.4,29.36,-979.9899999999999
ee80bce0-9e38-4746-9f57-7edb53d713ea,0.1,0.0,704.25,1.72,-43.92,-145.89,-26.03,490.23000000000013
46d7aa8f-19c8-4237-84e1-585274eff49f,2.87,0.0,-119.92,2.51,3.98,-15.21,25.24,-100.52999999999999
db19a577-bb2f-4b97-a6dd-be2b0b97d876,0.0,0.0,-217.44,-1.15,76.2,-240.32,48.01,-334.7
465fae4b-4644-41db-881a-aa4224825ed2,-0.0,0.0,169.59,0.22,-23.14,-31.33,56.6,171.94000000000003
57af8040-b579-46cb-bfee-22feeadeb550,0.0,0.0,-15.51,-19.39,-5.4,0.0,0.0,-40.3
35dfd293-87cf-4386-afe5-850a12d44c60,0.0,0.0,-112.82,7.88,3.11,-2.0,17.03,-86.8
b89c46ce-c431-4049-b4c0-6020218c457b,1.67,0.0,-121.73,-14.55,8.09,0.0,0.0,-126.52000000000001
8b58d64b-3ea8-4260-bbc6-de2be10c8346,-11.75,0.0,-290.78,0.41,-51.02,-128.53,49.57,-432.09999999999997
f5d1124f-a665-44ef-ad91-422ad4a6412e,-0.01,0.0,-132.21,2.73,25.31,-66.58,4.99,-165.76999999999998
b0af1040-fe48-43a8-ac8f-8316964b0212,0.0,0.0,-131.26,-1.51,7.4,-5.98,1.21,-130.13999999999996
ba5e7d67-6b5a-445e-a965-87abb4917e3f,0.04,0.0,-57.3,-2.72,-2.24,-100.8,16.89,-146.13
2c2c160a-2af1-4e28-87d5-09bc114b9493,-0.0,0.0,117.03,1.18,-16.18,0.0,0.0,102.03
c7a60ea9-699b-456c-afa8-a10898293a11,0.06,0.0,122.31,-173.27,2.27,-151.04,-28.78,-228.45
63f1608d-4c1f-499c-b004-a1b8f12e2c0d,0.02,0.0,-246.68,-32.68,0.19,-62.25,29.21,-312.19
eb3d5d36-391d-4993-9f1e-174b5989e541,-1.3,0.0,-198.76,-0.3,-65.04,-59.42,10.2,-314.62000000000006
ceb4568b-6bcd-413f-b528-7fade5e53755,-3.28,0.0,-163.03,-0.55,-34.73,-471.07,1.74,-670.92
dbcd8d41-2e38-41b6-abb5-ace4e8689bb7,-0.48,0.0,1181.82,103.1,-57.82,-2.23,6.04,1230.4299999999998
48cba40c-5409-4040-a8d5-6de71f5bc1f7,-4.25,0.0,-66.87,0.0,0.35,0.0,0.0,-70.77000000000001
33b223c0-bd84-4c47-9ea0-3f119a133029,0.0,0.0,-117.93,-6.55,-0.28,0.0,0.0,-124.76
7956ca26-23d7-4b54-bc4a-4cb6e8399f8b,20.73,0.0,-22.03,1.57,100.6,-53.57,28.22,75.51999999999998
f83c7ab3-fa0c-433d-8513-28a829f4c41d,0.01,0.0,-253.46,19.54,0.18,0.0,0.0,-233.73000000000002
cea04ac6-c35b-44e9-a283-0c50e0b49781,-0.02,0.0,78.44,-0.54,-0.58,-72.79,6.2,10.70999999999999
eb3bbc2d-dd4d-433f-a8fa-431ee39260e5,0.0,0.0,660.67,-68.85,-1.76,0.0,0.0,590.06
0e4b24b3-2564-4e83-b2a0-070148e0fc48,-0.52,0.0,249.01,11.08,46.16,1249.41,-1037.35,517.7900000000002
6b1294a2-6f7b-499d-b809-d2a47cc8dffa,-0.0,0.0,1208.85,41.03,50.28,-339.01,150.52,1111.6699999999998
153c3dac-c8f1-4dd9-8df6-83dadc885630,304.06,0.0,-315.05,-17.62,-7.32,25.27,136.34,125.67999999999999
d60d1142-4887-4929-9ad9-d9e45475eefa,-13.18,0.0,588.39,21.23,4.17,39.08,19.17,658.86
564aa266-1fe1-41c2-bc11-de6f4fa4e661,-0.0,0.0,-538.12,-57.91,-271.12,-29.44,82.04,-814.5500000000001
496de55c-4934-4b45-9d54-15ac427056b6,32.29,0.0,-1013.2,33.45,-51.61,-57.35,8.22,-1048.2
7da75151-c308-495d-ba2f-f3f53f3e9505,0.01,0.0,-1771.63,-19.04,0.39,31.49,-16.3,-1775.08
3ce7de4c-a784-49cc-b031-be263679f137,0.07,0.0,566.45,1.01,17.43,-283.51,2.78,304.23
b01b2a75-241d-4587-bab1-e1967d1f09d7,0.0,0.0,53.67,0.0,17.16,0.0,0.0,70.83
79156aa4-59a5-488c-a932-099344db1af6,-0.0,0.0,-612.38,-15.7,-0.02,0.0,0.0,-628.1
f1b482e8-68ed-4529-81a7-bcef90166238,-42.31,0.0,1432.33,2.43,-11.44,-215.53,129.69,1295.17
6a3f94de-22d6-47c7-9032-ff7db46ccafa,5.25,0.0,391.04,-2.73,-67.19,-307.89,128.52,147.00000000000003
19d28b05-0619-47fb-87b3-f0d838d6ac05,-0.05,0.0,1171.37,54.5,-73.03,-225.28,76.03,1003.54
ca5a10d2-8ba5-4218-9aa6-d9c0497450ea,0.04,0.0,-366.36,-24.3,16.67,-76.73,30.64,-420.04
4f84a3e3-70f2-40de-952e-61cf0c49ee49,-0.03,0.0,-371.68,-41.32,-56.58,28.54,11.47,-429.5999999999999
7d2d1178-7db4-4472-8844-aa635a254b8b,0.0,0.0,-889.03,-21.14,-7.25,-277.71,-21.67,-1216.8
DAY TOTAL,-2336.7799999999993,0.0,15199.539999999999,-177.67000000000002,-71466.93000000001,-81971.17000000001,11544.249999999998,-129208.76
